{"cameraMode":{"drawMode":0,"name":"Shaded","section":"Shading Mode"},"sceneLighting":false,"audioPlay":false,"sceneViewState":{"showFog":true,"showMaterialUpdate":true,"showSkybox":false,"showFlares":true,"showImageEffects":true,"showParticleSystems":true},"in2DMode":false,"pivot":{"x":0.12950479984283448,"y":-0.0739978551864624,"z":-0.27326977252960207},"rotation":{"x":-0.008157715201377869,"y":0.9589733481407166,"z":-0.027626346796751024,"w":-0.28219377994537356},"size":1.9643969535827637,"orthographic":false}