{"cameraMode":{"drawMode":0,"name":"Shaded","section":"Shading Mode"},"sceneLighting":false,"audioPlay":false,"sceneViewState":{"showFog":true,"showMaterialUpdate":true,"showSkybox":false,"showFlares":true,"showImageEffects":true,"showParticleSystems":true},"in2DMode":false,"pivot":{"x":3.5886850357055666,"y":1.1964764595031739,"z":-4.663852214813232},"rotation":{"x":0.03507579490542412,"y":0.811654269695282,"z":-0.049015212804079059,"w":0.5810452699661255},"size":5.384718894958496,"orthographic":false}