{"cameraMode":{"drawMode":0,"name":"Shaded","section":"Shading Mode"},"sceneLighting":false,"audioPlay":false,"sceneViewState":{"showFog":true,"showMaterialUpdate":false,"showSkybox":false,"showFlares":true,"showImageEffects":true,"showParticleSystems":true},"in2DMode":false,"pivot":{"x":307.0687255859375,"y":229.50914001464845,"z":-26.66927146911621},"rotation":{"x":0.013408965431153775,"y":0.9866432547569275,"z":-0.11927628517150879,"w":0.11057222634553909},"size":10.711663246154786,"orthographic":false}