{"cameraMode":{"drawMode":0,"name":"Shaded","section":"Shading Mode"},"sceneLighting":true,"audioPlay":false,"sceneViewState":{"showFog":true,"showMaterialUpdate":true,"showSkybox":true,"showFlares":true,"showImageEffects":true,"showParticleSystems":true},"in2DMode":false,"pivot":{"x":0.126953125,"y":1.685546875,"z":1.0758056640625},"rotation":{"x":-0.23760582506656648,"y":0.7542253732681274,"z":-0.3583921492099762,"w":-0.49701201915740969},"size":14.549878120422364,"orthographic":true}