{"cameraMode":{"drawMode":0,"name":"Shaded","section":"Shading Mode"},"sceneLighting":true,"audioPlay":false,"sceneViewState":{"showFog":true,"showMaterialUpdate":true,"showSkybox":true,"showFlares":true,"showImageEffects":true,"showParticleSystems":true},"in2DMode":false,"pivot":{"x":9.463737487792969,"y":-0.014552421867847443,"z":-1.4868850708007813},"rotation":{"x":0.06572278589010239,"y":-0.9343054294586182,"z":0.2573494017124176,"w":0.2381429523229599},"size":3.9537971019744875,"orthographic":false}