{"cameraMode":{"drawMode":0,"name":"Shaded","section":"Shading Mode"},"sceneLighting":true,"audioPlay":false,"sceneViewState":{"showFog":true,"showMaterialUpdate":true,"showSkybox":true,"showFlares":true,"showImageEffects":true,"showParticleSystems":true},"in2DMode":false,"pivot":{"x":-0.9058887958526611,"y":2.3625833988189699,"z":2.778823137283325},"rotation":{"x":0.049531325697898868,"y":0.9497550129890442,"z":-0.23726749420166017,"w":0.19827629625797273},"size":4.741683483123779,"orthographic":false}