{"cameraMode":{"drawMode":0,"name":"Shaded","section":"Shading Mode"},"sceneLighting":false,"audioPlay":false,"sceneViewState":{"showFog":true,"showMaterialUpdate":true,"showSkybox":false,"showFlares":true,"showImageEffects":true,"showParticleSystems":true},"in2DMode":false,"pivot":{"x":-0.25282758474349978,"y":0.7155272364616394,"z":0.20878872275352479},"rotation":{"x":-0.10691782087087631,"y":0.7964268326759338,"z":-0.1476416140794754,"w":-0.5766605734825134},"size":4.3032917976379398,"orthographic":false}