{"cameraMode":{"drawMode":0,"name":"Shaded","section":"Shading Mode"},"sceneLighting":true,"audioPlay":false,"sceneViewState":{"showFog":true,"showMaterialUpdate":true,"showSkybox":true,"showFlares":true,"showImageEffects":true,"showParticleSystems":true},"in2DMode":false,"pivot":{"x":10.520160675048829,"y":0.5973424911499023,"z":-1.393507957458496},"rotation":{"x":0.06121256574988365,"y":-0.9362683892250061,"z":0.28065478801727297,"w":0.20298901200294496},"size":16.313793182373048,"orthographic":false}