{"cameraMode":{"drawMode":0,"name":"Shaded","section":"Shading Mode"},"sceneLighting":false,"audioPlay":false,"sceneViewState":{"showFog":true,"showMaterialUpdate":false,"showSkybox":false,"showFlares":true,"showImageEffects":true,"showParticleSystems":true},"in2DMode":false,"pivot":{"x":309.31646728515627,"y":228.04017639160157,"z":-35.709800720214847},"rotation":{"x":0.0019009540555998684,"y":0.9964615106582642,"z":-0.02273157611489296,"w":0.0814996212720871},"size":2.9903857707977297,"orthographic":false}