{"cameraMode":{"drawMode":0,"name":"Shaded","section":"Shading Mode"},"sceneLighting":true,"audioPlay":false,"sceneViewState":{"showFog":true,"showMaterialUpdate":true,"showSkybox":true,"showFlares":true,"showImageEffects":true,"showParticleSystems":true},"in2DMode":false,"pivot":{"x":12.072447776794434,"y":-3.824380874633789,"z":-7.605278015136719},"rotation":{"x":0.02500845305621624,"y":-0.9526125192642212,"z":0.2933836281299591,"w":0.07919090986251831},"size":33.339664459228519,"orthographic":false}